{"cameraMode":{"drawMode":0,"name":"Shaded","section":"Shading Mode"},"sceneLighting":true,"audioPlay":false,"sceneViewState":{"showFog":true,"showMaterialUpdate":false,"showSkybox":true,"showFlares":true,"showImageEffects":true,"showParticleSystems":true},"in2DMode":false,"pivot":{"x":-0.0600738525390625,"y":-8.532083511352539,"z":13.561922073364258},"rotation":{"x":-0.2207009494304657,"y":0.34962838888168337,"z":-0.08511902391910553,"w":-0.9065350890159607},"size":63.95272445678711,"orthographic":false}